{"timestamp": "2026-03-04T09-48-58", "generation": 25, "MAE": 3.4001649856968643, "layer_sizes": [12, 32, 16, 1], "normalization": {"means": {"bedrooms": 3.388125, "bathrooms": 2.14921875, "sqft_living": 2118.366875, "sqft_lot": 14788.32875, "floors": 1.50515625, "waterfront": 0.0071875, "view": 0.2478125, "condition": 3.45125, "sqft_above": 1804.2121875, "sqft_basement": 314.1546875, "yr_built": 1970.64, "yr_renovated": 817.819375}, "stds": {"bedrooms": 0.903251870663344, "bathrooms": 0.7774613119326566, "sqft_living": 940.2749142875697, "sqft_lot": 38018.28354916955, "floors": 0.535301162083413, "waterfront": 0.0844871025114388, "view": 0.78722304805154, "condition": 0.6788906144554869, "sqft_above": 839.0790559049594, "sqft_basement": 463.65517310457744, "yr_built": 29.891945029020874, "yr_renovated": 981.2962807540232}}}